{"title":"Visualizing Measles Incidence in the USA (1928--2001)","markdown":{"yaml":{"title":"Visualizing Measles Incidence in the USA (1928--2001)","subtitle":"Data Preparation","format":"html","bibliography":"measles.bib","csl":"harvard-cite-them-right.csl"},"headingText":"Introduction","containsRefs":false,"markdown":"\n\n\n\nThis document contains the data engineering required to reconstruct and improve the plot by @debold_battling_2015, shown in @fig-wsj, depicting the measles incidence rate in the USA by state and year between 1928 and 2013.\n\nThe code below requires the following packages:\n\n```{r}\n#| label: library\n#| message: false\n\nlibrary(tidyverse)\nlibrary(knitr)\nlibrary(readxl)\nlibrary(zoo)\n```\n\n```{r}\n#| label: fig-wsj\n#| echo: false\n#| fig.cap: \"Visualization of measles incidence in the United States from\n#|   1928 to 2013 by @debold_battling_2015.\"\n\ninclude_graphics(\"images/wsj.png\")\n```\n\n\n# Data Cleaning\n\n@debold_battling_2015 based their visualization on data by @panhuis_counts_2018, available in CSV format with each row representing a geographic enumeration unit, such as state or county, in a specific week. Relevant columns for data processing include:\n\n*   `Admin1Name`: State name\n*   `Admin1ISO`: State abbreviated in the form \"US-AK\" (Alaska),\n    \"US-AL\" (Alabama), etc.\n*   `Admin2Name`: Either the name of the county or `NA` if the enumeration\n    unit is a state. As we are only interested in state-level data, we only\n    retain rows where `Admin2Name` equals `NA`:\n*   `PeriodStartDate` and `PeriodEndDate`: Formatted as `yyyy-mm-dd`\n*   `PartOfCumulativeCountSeries`: 0 or 1. This variable is described in the\n    file `README.txt`, accompanying the source data, as follows:\n    \n    >   Separate cumulative from non-cumulative time interval series. Project\n    >   Tycho case count time series can be in a cumulative or fixed-interval\n    >   format. Cumulative case count time series consist of overlapping case\n    >   count intervals starting on the same date, but ending on different\n    >   dates.\n    >   Cumulative case count time series result from case reporting for\n    >   \"all previous weeks\" instead of \"the most recent week only\". An\n    >   example of a cumulative case count time series is:\n\t>   - time interval 1: Jan 1-Jan 7: 10 cases\n\t>   - time interval 2: Jan 1-Jan 14: 15 cases\n\t>   - time interval 3: Jan 1-Jan 21: 17 cases\n\t>   - etc.\n    >\n    >   Fixed-interval case count time series consist of mutually exclusive\n    >   time intervals that all start and end on different date and all have\n    >   identical length (day, week, month, year), for example:\n\t>   - time interval 1: Jan 1-Jan 7: 10 cases\n\t>   - time interval 2: Jan 8-Jan 14: 7 cases\n\t>   - time interval 3: Jan 15-Jan 21: 3 cases\n\t>   - etc.\n\n    An inspection of the data revealed that a value of 0 refers to a\n    fixed-interval case count and 1 to a cumulative case count.\n*   `CountValue`: The number of cases in the enumeration unit in the\n    given week. If `PartOfCumulativeCountSeries` equals 0, the value represents\n    the new number of cases. Otherwise, the value represents the cumulative\n    number of cases for the given year.\n\n```{r}\n#| label: input-data\n#| message: false\n\nmeasles <-\n  \"US.14189004.csv.zip\" |>\n  unzip() |>\n  read_csv() |>\n  filter(is.na(Admin2Name), PartOfCumulativeCountSeries == 0) |>\n  select(Admin1Name, Admin1ISO, PeriodStartDate, PeriodEndDate, CountValue)\nzip(\"US.14189004.csv.zip\", \"US.14189004.csv\")\nmeasles\n```\n\nFor further subsetting, it might seem sufficient to calculate annual incidence by considering only the cumulative count from the latest `PeriodStartDate` of each year. However, as pointed out by @allison_how_2015, the source data has missing weeks, treated as zero in the cumulative counts, potentially underestimating the annual total. Instead, we will calculate the weekly mean from non-missing fixed-interval case counts for each year.\n\nThe following output confirms that the end date consistently occurs 6 days\nafter the start date:\n\n```{r}\n#| label: period-length\n\nperiods_in_days <-\n  measles |>\n  mutate(PeriodLength = PeriodEndDate - PeriodStartDate) |>\n  distinct(PeriodLength) |>\n  pull()\nall(periods_in_days == 6)\n```\n\nTherefore, we can calculate the mean weekly case count for each state and year, using the `year()` function from the lubridate package, as follows:\n\n```{r}\n#| label: weekly-mean\n\nmeasles <-\n  measles |>\n  mutate(year = year(PeriodStartDate)) |>\n  summarize(\n    mean_weekly_count = mean(CountValue, na.rm = TRUE),\n    .by = c(Admin1Name, Admin1ISO, year)\n  )\nmeasles\n```\n\nNext, we need to normalize the counts by state population, tabulated by @stats_state_2023, to normalize the incidence:\n\n```{r}\n#| label: state-census\n\ncensus <-\n  \"state-census-counts-2020.xlsx\" |>\n  read_xlsx(skip = 1, n_max = 52) |>\n  filter(State != \"United States\") |>\n  mutate(State = str_to_upper(State))\ncensus\n```\n\nBecause the United States Census is only conducted every ten years, we need to obtain a population estimate for the remaining years. We can employ linear interpolation, as implemented by `na.approx()` from the zoo package:\n\n```{r}\n#| label: population-interpolation\n\ncensus <-\n  census |>\n  pivot_longer(\n    -State,\n    names_to = \"year\",\n    names_transform = list(year = as.integer),\n    values_to = \"population\",\n    values_transform = list(population = as.numeric)\n  ) |>\n  complete(State, year = min(year):max(year)) |>\n  mutate(population = na.approx(population), .by = State)\ncensus\n```\n\nFinally, we merge the `measles` and `census` data frames to calculate the incidence per 100,000:\n\n```{r}\n#| label: incidence\n\nmeasles <-\n  measles |>\n  left_join(census, by = c(\"Admin1Name\" = \"State\", \"year\")) |>\n  mutate(\n    incidence = mean_weekly_count / population * 100000,\n    state = str_sub(Admin1ISO, start = 4)\n  ) |>\n  filter(year >= 1928) # Start of WSJ x-axis\nmeasles\n```\n\n\n# Conclusion\n\nThe data are now ready for visualization. The next step will be to create a plot that will allow us to compare the incidence of measles across states and years, using the ggplot2 package to create a heatmap of the incidence.\n\nIn the original HTML version of the plot, the user experience is enriched by an infotip, activated by hovering over any tile to display specific incidence data for a given state and year. Although the direct view of several neighboring tiles might be obstructed, this potential issue is addressed by employing partial transparency (@fig-wsj-with-infotip).\n\n```{r}\n#| label: fig-wsj-with-infotip\n#| echo: false\n#| fig-cap: Screenshot of the original plot with activated infotip.\n\ninclude_graphics(\"images/wsj_with_infotip.png\")\n```\n\nIf replicating the infotip functionality is desired, several functions from R's plotly package, such as `ggplotly()`, could be employed. However, for the scope of this project, a static heatmap will suffice.\n","srcMarkdownNoYaml":"\n\n\n# Introduction\n\nThis document contains the data engineering required to reconstruct and improve the plot by @debold_battling_2015, shown in @fig-wsj, depicting the measles incidence rate in the USA by state and year between 1928 and 2013.\n\nThe code below requires the following packages:\n\n```{r}\n#| label: library\n#| message: false\n\nlibrary(tidyverse)\nlibrary(knitr)\nlibrary(readxl)\nlibrary(zoo)\n```\n\n```{r}\n#| label: fig-wsj\n#| echo: false\n#| fig.cap: \"Visualization of measles incidence in the United States from\n#|   1928 to 2013 by @debold_battling_2015.\"\n\ninclude_graphics(\"images/wsj.png\")\n```\n\n\n# Data Cleaning\n\n@debold_battling_2015 based their visualization on data by @panhuis_counts_2018, available in CSV format with each row representing a geographic enumeration unit, such as state or county, in a specific week. Relevant columns for data processing include:\n\n*   `Admin1Name`: State name\n*   `Admin1ISO`: State abbreviated in the form \"US-AK\" (Alaska),\n    \"US-AL\" (Alabama), etc.\n*   `Admin2Name`: Either the name of the county or `NA` if the enumeration\n    unit is a state. As we are only interested in state-level data, we only\n    retain rows where `Admin2Name` equals `NA`:\n*   `PeriodStartDate` and `PeriodEndDate`: Formatted as `yyyy-mm-dd`\n*   `PartOfCumulativeCountSeries`: 0 or 1. This variable is described in the\n    file `README.txt`, accompanying the source data, as follows:\n    \n    >   Separate cumulative from non-cumulative time interval series. Project\n    >   Tycho case count time series can be in a cumulative or fixed-interval\n    >   format. Cumulative case count time series consist of overlapping case\n    >   count intervals starting on the same date, but ending on different\n    >   dates.\n    >   Cumulative case count time series result from case reporting for\n    >   \"all previous weeks\" instead of \"the most recent week only\". An\n    >   example of a cumulative case count time series is:\n\t>   - time interval 1: Jan 1-Jan 7: 10 cases\n\t>   - time interval 2: Jan 1-Jan 14: 15 cases\n\t>   - time interval 3: Jan 1-Jan 21: 17 cases\n\t>   - etc.\n    >\n    >   Fixed-interval case count time series consist of mutually exclusive\n    >   time intervals that all start and end on different date and all have\n    >   identical length (day, week, month, year), for example:\n\t>   - time interval 1: Jan 1-Jan 7: 10 cases\n\t>   - time interval 2: Jan 8-Jan 14: 7 cases\n\t>   - time interval 3: Jan 15-Jan 21: 3 cases\n\t>   - etc.\n\n    An inspection of the data revealed that a value of 0 refers to a\n    fixed-interval case count and 1 to a cumulative case count.\n*   `CountValue`: The number of cases in the enumeration unit in the\n    given week. If `PartOfCumulativeCountSeries` equals 0, the value represents\n    the new number of cases. Otherwise, the value represents the cumulative\n    number of cases for the given year.\n\n```{r}\n#| label: input-data\n#| message: false\n\nmeasles <-\n  \"US.14189004.csv.zip\" |>\n  unzip() |>\n  read_csv() |>\n  filter(is.na(Admin2Name), PartOfCumulativeCountSeries == 0) |>\n  select(Admin1Name, Admin1ISO, PeriodStartDate, PeriodEndDate, CountValue)\nzip(\"US.14189004.csv.zip\", \"US.14189004.csv\")\nmeasles\n```\n\nFor further subsetting, it might seem sufficient to calculate annual incidence by considering only the cumulative count from the latest `PeriodStartDate` of each year. However, as pointed out by @allison_how_2015, the source data has missing weeks, treated as zero in the cumulative counts, potentially underestimating the annual total. Instead, we will calculate the weekly mean from non-missing fixed-interval case counts for each year.\n\nThe following output confirms that the end date consistently occurs 6 days\nafter the start date:\n\n```{r}\n#| label: period-length\n\nperiods_in_days <-\n  measles |>\n  mutate(PeriodLength = PeriodEndDate - PeriodStartDate) |>\n  distinct(PeriodLength) |>\n  pull()\nall(periods_in_days == 6)\n```\n\nTherefore, we can calculate the mean weekly case count for each state and year, using the `year()` function from the lubridate package, as follows:\n\n```{r}\n#| label: weekly-mean\n\nmeasles <-\n  measles |>\n  mutate(year = year(PeriodStartDate)) |>\n  summarize(\n    mean_weekly_count = mean(CountValue, na.rm = TRUE),\n    .by = c(Admin1Name, Admin1ISO, year)\n  )\nmeasles\n```\n\nNext, we need to normalize the counts by state population, tabulated by @stats_state_2023, to normalize the incidence:\n\n```{r}\n#| label: state-census\n\ncensus <-\n  \"state-census-counts-2020.xlsx\" |>\n  read_xlsx(skip = 1, n_max = 52) |>\n  filter(State != \"United States\") |>\n  mutate(State = str_to_upper(State))\ncensus\n```\n\nBecause the United States Census is only conducted every ten years, we need to obtain a population estimate for the remaining years. We can employ linear interpolation, as implemented by `na.approx()` from the zoo package:\n\n```{r}\n#| label: population-interpolation\n\ncensus <-\n  census |>\n  pivot_longer(\n    -State,\n    names_to = \"year\",\n    names_transform = list(year = as.integer),\n    values_to = \"population\",\n    values_transform = list(population = as.numeric)\n  ) |>\n  complete(State, year = min(year):max(year)) |>\n  mutate(population = na.approx(population), .by = State)\ncensus\n```\n\nFinally, we merge the `measles` and `census` data frames to calculate the incidence per 100,000:\n\n```{r}\n#| label: incidence\n\nmeasles <-\n  measles |>\n  left_join(census, by = c(\"Admin1Name\" = \"State\", \"year\")) |>\n  mutate(\n    incidence = mean_weekly_count / population * 100000,\n    state = str_sub(Admin1ISO, start = 4)\n  ) |>\n  filter(year >= 1928) # Start of WSJ x-axis\nmeasles\n```\n\n\n# Conclusion\n\nThe data are now ready for visualization. The next step will be to create a plot that will allow us to compare the incidence of measles across states and years, using the ggplot2 package to create a heatmap of the incidence.\n\nIn the original HTML version of the plot, the user experience is enriched by an infotip, activated by hovering over any tile to display specific incidence data for a given state and year. Although the direct view of several neighboring tiles might be obstructed, this potential issue is addressed by employing partial transparency (@fig-wsj-with-infotip).\n\n```{r}\n#| label: fig-wsj-with-infotip\n#| echo: false\n#| fig-cap: Screenshot of the original plot with activated infotip.\n\ninclude_graphics(\"images/wsj_with_infotip.png\")\n```\n\nIf replicating the infotip functionality is desired, several functions from R's plotly package, such as `ggplotly()`, could be employed. However, for the scope of this project, a static heatmap will suffice.\n"},"formats":{"html":{"identifier":{"display-name":"HTML","target-format":"html","base-format":"html"},"execute":{"fig-width":7,"fig-height":5,"fig-format":"retina","fig-dpi":96,"df-print":"default","error":false,"eval":true,"cache":null,"freeze":false,"echo":true,"output":true,"warning":true,"include":true,"keep-md":false,"keep-ipynb":false,"ipynb":null,"enabled":null,"daemon":null,"daemon-restart":false,"debug":false,"ipynb-filters":[],"ipynb-shell-interactivity":null,"plotly-connected":true,"engine":"knitr"},"render":{"keep-tex":false,"keep-typ":false,"keep-source":false,"keep-hidden":false,"prefer-html":false,"output-divs":true,"output-ext":"html","fig-align":"default","fig-pos":null,"fig-env":null,"code-fold":"none","code-overflow":"scroll","code-link":false,"code-line-numbers":false,"code-tools":false,"tbl-colwidths":"auto","merge-includes":true,"inline-includes":false,"preserve-yaml":false,"latex-auto-mk":true,"latex-auto-install":true,"latex-clean":true,"latex-min-runs":1,"latex-max-runs":10,"latex-makeindex":"makeindex","latex-makeindex-opts":[],"latex-tlmgr-opts":[],"latex-input-paths":[],"latex-output-dir":null,"link-external-icon":false,"link-external-newwindow":false,"self-contained-math":false,"format-resources":[],"notebook-links":true},"pandoc":{"standalone":true,"wrap":"none","default-image-extension":"png","to":"html","output-file":"measles_prep.html"},"language":{"toc-title-document":"Table of contents","toc-title-website":"On this page","related-formats-title":"Other Formats","related-notebooks-title":"Notebooks","source-notebooks-prefix":"Source","other-links-title":"Other Links","code-links-title":"Code Links","launch-dev-container-title":"Launch Dev Container","launch-binder-title":"Launch Binder","article-notebook-label":"Article Notebook","notebook-preview-download":"Download Notebook","notebook-preview-download-src":"Download Source","notebook-preview-back":"Back to Article","manuscript-meca-bundle":"MECA Bundle","section-title-abstract":"Abstract","section-title-appendices":"Appendices","section-title-footnotes":"Footnotes","section-title-references":"References","section-title-reuse":"Reuse","section-title-copyright":"Copyright","section-title-citation":"Citation","appendix-attribution-cite-as":"For attribution, please cite this work as:","appendix-attribution-bibtex":"BibTeX citation:","title-block-author-single":"Author","title-block-author-plural":"Authors","title-block-affiliation-single":"Affiliation","title-block-affiliation-plural":"Affiliations","title-block-published":"Published","title-block-modified":"Modified","title-block-keywords":"Keywords","callout-tip-title":"Tip","callout-note-title":"Note","callout-warning-title":"Warning","callout-important-title":"Important","callout-caution-title":"Caution","code-summary":"Code","code-tools-menu-caption":"Code","code-tools-show-all-code":"Show All Code","code-tools-hide-all-code":"Hide All Code","code-tools-view-source":"View Source","code-tools-source-code":"Source Code","tools-share":"Share","tools-download":"Download","code-line":"Line","code-lines":"Lines","copy-button-tooltip":"Copy to Clipboard","copy-button-tooltip-success":"Copied!","repo-action-links-edit":"Edit this page","repo-action-links-source":"View source","repo-action-links-issue":"Report an issue","back-to-top":"Back to top","search-no-results-text":"No results","search-matching-documents-text":"matching documents","search-copy-link-title":"Copy link to search","search-hide-matches-text":"Hide additional matches","search-more-match-text":"more match in this document","search-more-matches-text":"more matches in this document","search-clear-button-title":"Clear","search-text-placeholder":"","search-detached-cancel-button-title":"Cancel","search-submit-button-title":"Submit","search-label":"Search","toggle-section":"Toggle section","toggle-sidebar":"Toggle sidebar navigation","toggle-dark-mode":"Toggle dark mode","toggle-reader-mode":"Toggle reader mode","toggle-navigation":"Toggle navigation","crossref-fig-title":"Figure","crossref-tbl-title":"Table","crossref-lst-title":"Listing","crossref-thm-title":"Theorem","crossref-lem-title":"Lemma","crossref-cor-title":"Corollary","crossref-prp-title":"Proposition","crossref-cnj-title":"Conjecture","crossref-def-title":"Definition","crossref-exm-title":"Example","crossref-exr-title":"Exercise","crossref-ch-prefix":"Chapter","crossref-apx-prefix":"Appendix","crossref-sec-prefix":"Section","crossref-eq-prefix":"Equation","crossref-lof-title":"List of Figures","crossref-lot-title":"List of Tables","crossref-lol-title":"List of Listings","environment-proof-title":"Proof","environment-remark-title":"Remark","environment-solution-title":"Solution","listing-page-order-by":"Order By","listing-page-order-by-default":"Default","listing-page-order-by-date-asc":"Oldest","listing-page-order-by-date-desc":"Newest","listing-page-order-by-number-desc":"High to Low","listing-page-order-by-number-asc":"Low to High","listing-page-field-date":"Date","listing-page-field-title":"Title","listing-page-field-description":"Description","listing-page-field-author":"Author","listing-page-field-filename":"File Name","listing-page-field-filemodified":"Modified","listing-page-field-subtitle":"Subtitle","listing-page-field-readingtime":"Reading Time","listing-page-field-wordcount":"Word Count","listing-page-field-categories":"Categories","listing-page-minutes-compact":"{0} min","listing-page-category-all":"All","listing-page-no-matches":"No matching items","listing-page-words":"{0} words"},"metadata":{"lang":"en","fig-responsive":true,"quarto-version":"1.4.553","title":"Visualizing Measles Incidence in the USA (1928--2001)","subtitle":"Data Preparation","bibliography":["measles.bib"],"csl":"harvard-cite-them-right.csl"},"extensions":{"book":{"multiFile":true}}}},"projectFormats":[]}