{"chunk_definitions":[{"row":23,"row_count":1,"visible":true,"expansion_state":0,"options":{"engine":"r","label":"library","message":false,"dev":"png"},"document_id":"81EFD6FD","chunk_id":"cipqs13mu22vn","chunk_label":"library"},{"row":32,"row_count":1,"visible":true,"expansion_state":0,"options":{"engine":"r","label":"fig-wsj","echo":false,"fig.cap":"Visualization of measles incidence in the United States from 1928 to 2013 by @debold_battling_2015.","dev":"png"},"document_id":"81EFD6FD","chunk_id":"cnel07dc5oeo2","chunk_label":"fig-wsj"},{"row":90,"row_count":1,"visible":true,"expansion_state":0,"options":{"engine":"r","label":"input-data","message":false,"dev":"png"},"document_id":"81EFD6FD","chunk_id":"chh5idttp99cn","chunk_label":"input-data"}],"doc_write_time":1748179936}